"statefp","countyfp","tract","pop","diabetes_num","diabetes_frac"
11,1,100,4227.85737634351,307.704365392484,0.0727802141846621
11,1,201,10.2453020913182,0.667224952841298,0.0651249662424983
11,1,202,3188.8415594231,187.426426150032,0.0587757098173107
11,1,300,5352.76384149418,298.620782451439,0.0557881481967419
11,1,400,1202.16011257316,119.513747244289,0.0994158315471611
11,1,501,2995.79096346803,163.546562641684,0.0545921142816845
11,1,502,2707.83963647396,194.813314703573,0.0719441846110395
11,1,600,3638.75781613919,313.559620558702,0.0861721599519355
11,1,701,4773.63483073395,446.615254745311,0.0935587389026661
11,1,702,3214.08405350269,177.112330421136,0.0551050711409119
11,1,801,5234.57733831056,435.19502536345,0.0831385224129494
11,1,802,2434.07513315336,198.997052592423,0.0817546877998874
11,1,901,3305.55796004634,240.358909614572,0.0727135668228313
11,1,902,1646.43797853664,143.410582423922,0.0871035437067514
11,1,1001,5674.90713927569,459.098100989875,0.0808996675579914
11,1,1002,3290.23858373799,183.682361236207,0.0558264565202223
11,1,1100,3662.65062485409,330.395888638211,0.0902067716740996
11,1,1200,4202.01370318218,306.757429951763,0.0730024820527015
11,1,1301,3475.27416981806,248.275445454174,0.071440534853448
11,1,1302,7299.21384970009,494.214143811214,0.0677078592280894
11,1,1401,2600.40183043146,197.371729157707,0.0759004730914834
11,1,1402,2407.69401345002,239.042905695907,0.0992829256377884
11,1,1500,4284.40190354344,400.217212644936,0.0934126213308641
11,1,1600,3245.56484463223,413.885984255486,0.127523560325717
11,1,1702,2521.72028963861,243.519365276554,0.0965687456603098
11,1,1803,2947.05090553427,366.007012887211,0.124194330067352
11,1,1804,4340.21132269744,503.566659391011,0.116023534789095
11,1,1901,2913.23035145716,355.611882690892,0.122067890207521
11,1,1902,1832.10995285789,224.699022692477,0.122644944066797
11,1,2001,2069.22076744029,275.2830060544,0.133037040023011
11,1,2002,2927.03843766103,355.961592252483,0.121611519572981
11,1,2101,4439.07982178556,544.02279254417,0.122553054773713
11,1,2102,3922.17265874248,463.865461567633,0.118267476199367
11,1,2201,2962.15713507724,311.920835752967,0.105301920704768
11,1,2202,2905.17351923396,291.815276305379,0.100446763118757
11,1,2301,2717.19865104259,289.85799484566,0.106675305000038
11,1,2302,1419.06674136953,188.547233519623,0.132867065390919
11,1,2400,3467.5372365794,341.205346028722,0.0983999082776423
11,1,2501,2207.51817856044,270.990507634224,0.12275799595496
11,1,2502,4758.51599983319,486.464584931043,0.102230314019769
11,1,2600,2061.11592053025,233.323465868481,0.113202495572619
11,1,2701,4617.37471598657,368.879910531018,0.0798895331699761
11,1,2702,5111.19465040412,360.596681366673,0.0705503714944925
11,1,2801,3385.41753380456,303.917061716573,0.089772401389742
11,1,2802,4040.54365854227,323.997231660315,0.0801865439506734
11,1,2900,4058.10129373499,281.902082309618,0.0694664972372243
11,1,3000,2960.76377538279,259.414248023457,0.0876173405593352
11,1,3100,2795.99941805711,233.22246355647,0.0834129156287634
11,1,3200,3841.27464106252,376.37544828293,0.0979819157577398
11,1,3301,3096.07667236092,212.224783152074,0.0685463590248368
11,1,3302,1896.14578611327,147.234455478459,0.077649332955701
11,1,3400,2325.09714130897,190.563697777436,0.0819594563993802
11,1,3500,2367.83186088173,215.881469502702,0.0911726347927053
11,1,3600,4098.1729986774,315.022600463935,0.0768690342173457
11,1,3700,4106.06344680951,315.000851075952,0.0767160213563464
11,1,3800,4652.68110756988,344.148085892665,0.073967692591856
11,1,3900,4172.11630672595,290.564177600218,0.0696443138777779
11,1,4001,3613.39551556563,232.489139355635,0.064340905487409
11,1,4002,2675.82197853681,166.695827997371,0.0622970546375897
11,1,4100,2350.26932495782,197.899392925926,0.0842028574446368
11,1,4201,3496.09157232314,165.395007900003,0.0473085456940987
11,1,4202,2520.93831368582,147.285798113646,0.0584249909305803
11,1,4300,3121.85693129012,262.179479115163,0.0839819007999244
11,1,4400,5144.20711463155,363.282491595614,0.0706197249644824
11,1,4600,2415.75136029077,252.951597277218,0.104709284835825
11,1,4701,3057.35344045597,386.965723485959,0.126568854737399
11,1,4702,1800.28030591946,165.392013929148,0.091870145657499
11,1,4801,1873.94671406414,190.079487326123,0.101432706650386
11,1,4802,2761.58368406706,276.521469043005,0.100131482756939
11,1,4901,1909.04351583529,178.267158084372,0.0933803533579339
11,1,4902,2514.77930021102,173.564231127028,0.0690176792502086
11,1,5001,1761.67260343104,119.14679874672,0.0676327704220802
11,1,5002,5454.57767934511,471.060212299041,0.086360528713856
11,1,5201,5745.52103515817,344.13990971353,0.059897075932306
11,1,5301,4988.03668125476,271.669255493677,0.054464165533229
11,1,5500,6064.93311263515,417.156542777017,0.0687817219134618
11,1,5600,4782.58650519519,374.89579032717,0.0783876653187415
11,1,5800,2427.23086036465,197.725555311921,0.0814613716975468
11,1,5900,2314.10826904316,125.323758273099,0.0541563936094129
11,1,6400,1523.78238946466,230.362198026963,0.151177884466754
11,1,6500,2071.79401364008,139.30998192974,0.0672412320011374
11,1,6600,1698.94993513348,121.074060595398,0.0712640543971568
11,1,6700,3397.10718559533,254.469957962678,0.0749078389524183
11,1,6801,1740.83722342833,150.3662876811,0.0863758458616685
11,1,6802,1770.53496401484,162.941216862322,0.0920293697520883
11,1,6900,1875.58956522775,159.653279805922,0.0851216506882923
11,1,7000,2010.75853005725,144.254888681519,0.071741527649972
11,1,7100,2613.81948969451,269.965141899296,0.103283774171738
11,1,7200,3687.06792112802,225.272765312379,0.0610980785088057
11,1,7301,1642.36334921471,66.8532395231735,0.0407055110887242
11,1,7304,2464.85568227899,317.313745400537,0.128735222788846
11,1,7401,1466.8398338976,202.668297255241,0.138166616812364
11,1,7403,2116.13532847173,233.180497608769,0.110191675584932
11,1,7404,2150.67549100811,260.700847607555,0.121218123653492
11,1,7406,1916.99827150502,204.227953020652,0.106535282820216
11,1,7407,2071.04903941669,257.061687795178,0.12412148766288
11,1,7408,1821.96646696582,196.171753039489,0.107670342235321
11,1,7409,2552.9976156974,286.201293736874,0.112104019203595
11,1,7502,3346.57667129617,436.822717846569,0.130528226528688
11,1,7503,1601.97803530965,177.848518742619,0.111018075668086
11,1,7504,1588.10174238164,208.61205222065,0.131359374940172
11,1,7601,3135.97418050557,471.130517471853,0.15023418253906
11,1,7603,3240.02085679478,458.071981921498,0.141379331235124
11,1,7604,3190.30740580975,389.666398266372,0.122140705800565
11,1,7605,2872.59087210656,378.626069410794,0.131806472368666
11,1,7703,3326.86147202303,449.683301571335,0.135167425921671
11,1,7707,3122.46059170865,375.804168849514,0.120355135897446
11,1,7708,2062.426026185,269.657328362458,0.130747636491603
11,1,7709,1514.10616558304,240.808118889597,0.159043087178018
11,1,7803,2425.47611517887,334.731145886404,0.138006366581647
11,1,7804,2134.11926303758,315.054587279388,0.147627451162667
11,1,7806,1583.19893266152,244.400206461139,0.154371128870253
11,1,7807,1595.64734373477,219.330245768727,0.137455338505664
11,1,7808,2935.00198109898,330.088149110687,0.112466073698216
11,1,7809,1960.68717820804,278.798993325959,0.142194530787296
11,1,7901,3176.89857756837,393.169642297818,0.123758953173367
11,1,7903,1316.15096013999,166.78461293908,0.126721491675499
11,1,8001,2491.12443314508,188.055825391683,0.0754903379733059
11,1,8002,3084.82613233472,236.058783085815,0.0765225568506049
11,1,8100,2758.11226327144,172.962193666841,0.0627103530085061
11,1,8200,2523.18703750208,150.050767365244,0.0594687453347859
11,1,8301,2160.48661334249,129.649926264946,0.0600095948127005
11,1,8302,1975.61932465579,133.059963085272,0.0673510131353137
11,1,8402,1846.66703671021,191.949745789293,0.103943884833319
11,1,8410,1231.33379305241,93.3012271116769,0.0757724896678
11,1,8701,2063.41167277701,193.88976172863,0.0939656222200619
11,1,8702,1492.78866683813,178.199098316478,0.11937329260003
11,1,8802,3820.09100033064,468.565749190276,0.122658268912892
11,1,8803,621.507130700709,70.5197274502731,0.113465677168928
11,1,8804,2197.83371072254,285.610923476527,0.129951106893629
11,1,8903,2492.55023341674,337.853005399697,0.135545113944033
11,1,8904,2550.68444852276,355.295848609049,0.139294317184088
11,1,9000,2548.78019149986,482.012607502812,0.189115016316557
11,1,9102,3493.49441798612,401.03441897253,0.114794635682776
11,1,9201,1026.27417600633,104.02421055645,0.101361032936883
11,1,9203,2179.10712211605,203.996037992107,0.0936145065663474
11,1,9204,2205.02098221858,309.819501431439,0.140506373376871
11,1,9301,2635.14302082811,306.231328468406,0.116210515348868
11,1,9302,845.553823696869,93.350816096997,0.110401979721238
11,1,9400,3705.16018089322,456.559637824565,0.123222645050261
11,1,9501,3571.73399392048,335.131704801316,0.0938288532605593
11,1,9503,2442.57510816917,322.13261634417,0.131882379078867
11,1,9504,2295.43027579573,291.357059555302,0.126929169937127
11,1,9505,2270.1561691924,322.940279206358,0.142254653485466
11,1,9507,1256.99856133952,173.965714749765,0.138397703943574
11,1,9508,2983.04819546859,372.378301889577,0.124831473542814
11,1,9509,2724.85955057799,346.270610487133,0.127078333418573
11,1,9601,1549.18251455346,209.308589770456,0.135109057715377
11,1,9602,2070.99821194431,276.120290202344,0.133327150458094
11,1,9603,2494.41499345214,353.081462523105,0.141548805411267
11,1,9604,1700.18003740059,262.782753680087,0.154561721640877
11,1,9700,2254.46363873647,279.15269610087,0.1238222215273
11,1,9801,1206.22957068401,161.26289821614,0.133691713530694
11,1,9802,1053.99819900016,129.356291138107,0.122729138684313
11,1,9803,2003.45938393708,296.588283700781,0.148038081569662
11,1,9804,1824.65563608182,213.944507526467,0.117251991716027
11,1,9807,2391.61741809404,313.891515105449,0.131246541662838
11,1,9810,1620.86394089193,196.569876016358,0.12127475419571
11,1,9811,3201.19084323706,372.816000929167,0.116461660421399
11,1,9901,1908.08871059535,268.604780532544,0.140771641822007
11,1,9902,2344.43575586542,363.678004963286,0.155123894546233
11,1,9903,1316.00031814337,152.489386516343,0.115873365996961
11,1,9904,1438.6012812133,172.106220479897,0.119634413459402
11,1,9905,2027.45012290437,231.121619685122,0.113996204924655
11,1,9906,1151.26915868999,162.338216529002,0.141008047773749
11,1,9907,1942.01957510299,233.081425055084,0.120020121343382
11,1,10100,2336.16946343667,199.50818064502,0.0853997039887376
11,1,10200,2272.877067757,209.256889379554,0.0920669632106676
11,1,10300,2514.04707869681,327.912592053787,0.130432160492303
11,1,10400,3059.59022894283,354.809853053772,0.115966461684109
11,1,10500,3267.48204796974,298.596826279869,0.0913843815807354
11,1,10600,4604.74696974933,287.518685809274,0.0624396275621907
11,1,10700,1730.70578529308,92.4088500306414,0.0533937372925536
11,1,10800,1341.20078605983,52.500217478922,0.0391441893149769
11,1,10900,1978.4547871049,196.951234897797,0.0995480089721931
11,1,11000,3096.73834435412,351.799505481969,0.113603238750655
11,1,11100,3441.60828490444,473.9462275733,0.137710683011812
24,31,700101,3350.00035593688,397.415890575497,0.118631596522429
24,31,700103,4513.99809999647,534.882457511856,0.118494169838546
24,31,700104,4175.02150455846,440.006108631876,0.105390141859499
24,31,700105,4635.00048646013,500.129780520818,0.107902853943987
24,31,700204,1637.99927196656,183.544603752755,0.112054142449279
24,31,700205,5238.00009301834,532.338540038165,0.101630112750038
24,31,700206,4242.99965265888,437.752026946342,0.103170413099616
24,31,700207,4036.99933678265,446.483935533887,0.110597970989443
24,31,700208,1642.99972000635,162.458365735746,0.0988791195503781
24,31,700304,6004.00054158961,645.800465924345,0.107561693482686
24,31,700306,5004.00945671969,519.903782729704,0.103897442086474
24,31,700308,4145.00887083264,444.190070194049,0.107162634396201
24,31,700309,4011.08856679681,392.929043785489,0.0979607000050054
24,31,700310,4768.01013806364,495.380635764564,0.103896724507752
24,31,700311,5613.00096184024,549.6222936633,0.097919508191765
24,31,700312,3876.01214364307,404.121740715519,0.104262248346747
24,31,700400,1769.99988536622,220.68550226199,0.12468108279924
24,31,700500,4784.00054962714,522.047915051986,0.109123715525633
24,31,700604,5102.00056353281,622.126177951875,0.121937692911796
24,31,700606,3259.10606214029,396.899937314266,0.12178184132296
24,31,700607,5554.00076054692,659.064160370704,0.118664758754157
24,31,700608,4129.00038896913,525.685271628642,0.127315384380452
24,31,700610,1675.99965278843,204.163789700326,0.121816128876071
24,31,700611,4280.99975290314,481.678862486824,0.112515508126385
24,31,700613,4452.00050840998,521.838812469664,0.117214454824049
24,31,700614,3877.00177879697,454.217785829808,0.117156971222941
24,31,700615,2216.00016585691,243.17503364988,0.109736017802077
24,31,700616,3407.00034516078,411.990441837276,0.120924684502148
24,31,700704,2287.72019953122,270.345790122198,0.118172576426783
24,31,700706,2759.80446862315,300.581197826058,0.108913947072495
24,31,700710,5151.55173081917,616.621242181983,0.119696214733329
24,31,700711,4452.02750369997,533.642903438825,0.119865140769083
24,31,700713,4196.23141905166,474.927002710404,0.113179411543927
24,31,700715,4629.09601683061,527.407190099582,0.113933085030429
24,31,700716,5969.09273930588,651.965550239877,0.1092235585396
24,31,700717,4930.46256700463,534.884168955957,0.108485595760422
24,31,700718,3610.06093206338,440.042963687295,0.121893500405763
24,31,700719,6905.73810170212,741.631693693382,0.107393544726318
24,31,700720,2698.9999950436,330.640433182814,0.122504792067431
24,31,700721,2376.00316515084,286.709749214792,0.12066892562266
24,31,700722,3212.16801586985,377.297574698676,0.117458854217656
24,31,700723,2694.77450239739,438.704583951061,0.162798254013748
24,31,700724,2583.99940061747,351.391758588001,0.135987554216937
24,31,700810,3779.06820864267,462.178756913044,0.122299659968044
24,31,700811,3362.26293699504,373.431019973494,0.111065382741078
24,31,700812,3188.0285107822,408.071738576731,0.128001282672534
24,31,700813,4681.52321883479,568.194067981998,0.121369486259521
24,31,700815,5323.00124936953,615.790432197469,0.115684818272475
24,31,700816,6176.12938418727,675.422144435873,0.109360102812152
24,31,700817,4116.08569303241,404.723252173121,0.0983272172535729
24,31,700818,4895.02847944341,480.956580716653,0.0982540924402017
24,31,700819,5301.0014003164,607.479874629399,0.114597191880225
24,31,700820,1949.20231006933,249.554964786046,0.128029278180555
24,31,700822,1207.00019193877,146.255358232213,0.12117260561267
24,31,700823,2519.00033749375,286.484809824397,0.113729563890981
24,31,700824,2164.00007886427,247.130630297114,0.114200841631584
24,31,700826,4338.00003879793,454.204578635063,0.10470368247413
24,31,700828,1710.0000054228,194.104246858948,0.113511255113099
24,31,700829,2633.02689353987,308.518530416858,0.11717257091973
24,31,700830,2005.00035415118,190.884176802246,0.0952040613893341
24,31,700832,2025.08042088974,242.129319854509,0.119565286077936
24,31,700833,2891.00036131006,338.695396013219,0.11715508602003
24,31,700834,3840.06607582301,385.075719368297,0.100278409736939
24,31,700835,3473.04730067379,391.067173475755,0.112600589516845
24,31,700901,3490.46600702397,476.460390941063,0.136503375188948
24,31,700902,3181.47280294638,357.850190182517,0.112479412004122
24,31,700903,1388.49305542517,178.999388371557,0.128916300785347
24,31,700904,2351.9999729098,338.74718736003,0.144025166352764
24,31,700905,3187.99962106263,313.5727099419,0.09836033475982
24,31,701001,4433.33492780133,513.167095046331,0.115751934695543
24,31,701002,2721.25753473869,346.877496346929,0.127469558437158
24,31,701004,3759.19592530206,453.882884688679,0.12073935323076
24,31,701005,2897.99089345671,312.271433054271,0.107754456288783
24,31,701006,3873.07632497328,519.412806826949,0.13410859049635
24,31,701007,2429.09595214571,255.864961745626,0.105333410777623
24,31,701101,3886.11812785799,453.181386994146,0.116615442990648
24,31,701102,4753.38469425592,519.933927666272,0.109381832338243
24,31,701201,4688.01475444103,508.181489624526,0.108400147235697
24,31,701202,2150.0004955825,254.863870275429,0.118541307687642
24,31,701205,4855.03209123774,568.700400292072,0.117136280379784
24,31,701206,4814.0332933484,601.070358236054,0.124857956231121
24,31,701210,2942.99958404149,374.155829563295,0.127134176841943
24,31,701211,4765.88172797384,510.313025099672,0.107076309112821
24,31,701212,2065.9994391262,258.913473555508,0.125321173206617
24,31,701213,5479.07099835042,569.980535072523,0.104028682096678
24,31,701214,2939.08386432572,271.096742427934,0.092238518852244
24,31,701215,3864.13588928356,430.905925759476,0.11151417499434
24,31,701216,4052.25746571663,437.987211331653,0.108084744130195
24,31,701218,2050.24681067401,225.950198486601,0.110206340675795
24,31,701219,2897.25108973619,262.059695410069,0.0904511508645014
24,31,701220,2957.59331733517,397.204652143211,0.134299955918584
24,31,701221,3133.99955834412,373.906841414563,0.119306603097328
24,31,701303,2861.18134435299,353.67915421828,0.123612980671891
24,31,701304,4717.99972081214,634.667462210376,0.13452045353261
24,31,701306,2293.99972972255,259.401495910976,0.113078259142755
24,31,701307,3039.00014185324,338.659134259072,0.111437682938886
24,31,701308,2510.99880887703,336.205082962558,0.133892967919374
24,31,701312,4581.99983848175,508.686598097703,0.111018467051334
24,31,701313,2793.99926903924,323.182742344491,0.115670303112006
24,31,701314,2389.99982849946,250.062586932494,0.104628704969194
24,31,701315,3624.99965962015,375.783912034786,0.103664537191753
24,31,701316,4474.99306122569,580.680482306139,0.129761202835718
24,31,701317,3209.99917128868,358.970131613692,0.11182873030761
24,31,701407,4289.00313426603,566.728420631752,0.13213523116922
24,31,701408,5009.00335439457,618.878110633461,0.123553143579051
24,31,701409,3464.00565722988,449.394718151404,0.129732674429515
24,31,701410,5235.00199467711,608.475222802135,0.116232089963065
24,31,701414,5786.00679712479,775.762269789813,0.134075589087678
24,31,701415,6182.0068914862,827.429412947108,0.133844789802262
24,31,701417,4593.99456355694,486.256980879565,0.105846224707562
24,31,701418,2603.00245765611,299.345366841328,0.115000032351439
24,31,701420,5560.98241455798,895.340681584862,0.16100404835681
24,31,701421,1343.00075646871,149.597127601561,0.111390203528189
24,31,701422,1976.98337292435,220.259772001736,0.111412050813522
24,31,701423,3098.97668752935,369.288006711709,0.11916449975173
24,31,701503,5533.00402773473,766.589724616738,0.138548557126315
24,31,701505,5051.00699951002,598.155876747689,0.11842309400991
24,31,701506,4033.00478072534,553.646512603533,0.137278913045067
24,31,701507,3668.00193030505,560.384754641984,0.152776570266248
24,31,701508,3077.99740065015,405.227105453744,0.131652841996601
24,31,701509,4620.98913253084,600.346662652438,0.129917350037921
24,31,701601,1624.00045927185,190.512436727544,0.11731058057272
24,31,701602,4989.99610806635,567.814233324669,0.113790516270503
24,31,701701,2422.00034837496,342.166548914085,0.141274359908189
24,31,701702,1658.00016653085,188.409673151237,0.113636703393981
24,31,701703,2745.00092398524,339.412368102876,0.123647451313098
24,31,701704,2179.0006374571,273.897075336565,0.125698483345192
24,31,701800,3946.99654504956,562.120392768397,0.142417249762588
24,31,701900,2428.00171043833,278.1508820777,0.114559590663339
24,31,702000,3867.00148997737,530.866387301561,0.137281143717549
24,31,702101,4214.00193021803,612.347676227286,0.145312623574333
24,31,702102,2128.99958108498,220.36845336948,0.103507983433786
24,31,702200,3372.00072305842,375.653440177199,0.111403724681435
24,31,702301,2763.00174183145,317.346251894692,0.114855610508714
24,31,702302,3088.00176649209,398.926508387262,0.129185971561291
24,31,702401,2074.99965095951,251.790475142211,0.121344827709142
24,31,702402,3558.99970417125,397.859294083073,0.111789639548655
24,31,702500,5205.99595361499,590.873802628932,0.113498705702726
24,31,702601,4062.99835829066,329.262109045334,0.0810391932286819
24,31,702602,4044.99883629504,354.010545813755,0.0875180834756447
24,31,702700,5413.00276676047,683.646935963473,0.126297170982718
24,31,702800,3765.99923933199,413.545563562087,0.109810315212767
24,31,702900,4369.99568003343,562.481504487483,0.128714430327121
24,31,703000,1398.00064509515,163.845103959213,0.117199591097515
24,31,703100,3551.00184357994,439.192336154351,0.12368124701157
24,31,703201,5637.41689348665,691.202610592446,0.122609809359859
24,31,703202,4607.88558154103,584.741058937476,0.126900082172162
24,31,703206,3195.07292934948,408.153815933142,0.127744757305506
24,31,703207,4364.71114905378,512.880331057101,0.117506133520036
24,31,703208,3559.00586900125,439.164958913515,0.12339540171558
24,31,703209,4748.02981284796,577.218221505216,0.121570049948568
24,31,703210,2773.00576151389,316.837365126902,0.11425773776753
24,31,703212,6716.05917035365,945.91430677998,0.140843652920076
24,31,703213,4456.01754152967,549.383912456022,0.123290338813933
24,31,703214,5358.980325344,667.457238129785,0.124549298114271
24,31,703215,2696.39546166768,309.880864120104,0.114924115740963
24,31,703216,3339.03675947782,644.695459657456,0.193078275591754
24,31,703218,1775.00094345785,358.550790070021,0.20200033774153
24,31,703219,3489.89133832366,723.177635416845,0.207220674029415
24,31,703220,3974.01165449417,604.548054385763,0.152125385365211
24,31,703221,3907.00436443535,520.050022748593,0.133107100540378
24,31,703301,3896.14627700881,467.734491558513,0.120050546951642
24,31,703302,3451.00350372369,402.076086750467,0.116509903950147
24,31,703401,4073.37346050994,506.325624734556,0.124301302014957
24,31,703402,2703.04326028973,338.982641657771,0.125407775242723
24,31,703403,2900.00267306804,330.219726450508,0.113868766231569
24,31,703404,2373.99981577418,300.581898426701,0.126614120367435
24,31,703501,5654.05650655405,727.536606482709,0.128675156613551
24,31,703502,2370.10439733866,342.996226449118,0.144717771434145
24,31,703601,3487.26361216375,413.594207624356,0.118601360155773
24,31,703602,2402.73783612325,260.207318654928,0.108296175613884
24,31,703701,3080.07495154142,370.536580160941,0.120301156949283
24,31,703702,3169.13180157889,356.087023695679,0.112361064793289
24,31,703800,2381.02486397066,271.920699207903,0.114203216993896
24,31,703901,2324.0005124554,265.991701196116,0.114454235173591
24,31,703902,5673.07609239331,609.98689331978,0.107523129142878
24,31,704000,5337.00247835882,704.187265379565,0.131944339211944
24,31,704100,3255.71399798867,390.929845006074,0.120074995914133
24,31,704200,1361.37560090262,173.56617787142,0.127493233870463
24,31,704300,2601.25411595804,280.194691398993,0.107715232310472
24,31,704401,2338.47674013212,273.123468482012,0.116795460820611
24,31,704403,1483.99999894339,210.158510625072,0.141616247152766
24,31,704404,3924.12479623843,472.993544498102,0.12053478649596
24,31,704501,2558.0377811181,288.503636661574,0.112783180448363
24,31,704502,1791.00280948535,217.198028587017,0.121271740857531
24,31,704503,2756.12478655969,287.403150523168,0.104277989126144
24,31,704600,3641.06657996526,388.634146524727,0.106736347163538
24,31,704700,2942.99991423643,345.569315618073,0.117420769856778
24,31,704803,3007.00006952101,278.688909245994,0.0926800474901174
24,31,704804,1561.00044864501,158.0561908721,0.101253136095699
24,31,704805,1678.00658598667,221.173971699699,0.13180757068939
24,31,704806,2745.01896179893,190.531118997809,0.0694097642491132
24,31,705000,2817.49208289036,282.54951835503,0.100284050511039
24,31,705100,4055.20271542909,492.131244716465,0.121357988552341
24,31,705200,2359.00028870486,277.85875203511,0.117786654527143
24,31,705300,1440.99982440564,174.746553653418,0.121267574564414
24,31,705400,2093.99989653408,242.702173601936,0.115903622537732
24,31,705501,2182.00016276175,336.312902013186,0.154130557711562
24,31,705502,2911.99993932171,386.911798027361,0.132868065278011
24,31,705601,2031.0002903523,234.78991989144,0.115603095187501
24,31,705602,4137.00048591612,465.04631117946,0.112411471248952
24,31,705701,3225.05120111461,374.234337852123,0.116039812863369
24,31,705702,3437.00064096218,438.962635101499,0.127716774291498
24,31,705800,4572.99980948296,532.261210277011,0.11639213480247
24,31,705901,2990.07021050947,400.275247753871,0.133868176856512
24,31,705902,3251.03047281654,419.545472772173,0.12904999700255
24,31,705903,3208.99964134842,397.203382395303,0.123777945399956
24,31,706005,3842.01319182137,487.834212153632,0.126973591135007
24,31,706007,5510.72827095539,693.210122883262,0.125792833324203
24,31,706008,3865.01047751803,503.032841675161,0.130150447094827
24,31,706009,4082.05541334615,514.56874411233,0.126056285867645
24,31,706010,2064.00782642694,282.1767178131,0.136713007673805
24,31,706011,3901.23731365155,513.76127164851,0.131691878843338
24,31,706012,2657.01663696705,360.880821975536,0.135821814946359
24,31,706013,2225.00043917887,266.575004100814,0.119808966958763
24,33,800102,2351.14961354257,296.014571605185,0.125902056551462
24,33,800103,1603.06343840141,195.921803038252,0.122217124004542
24,33,800105,2742.01208539976,300.411184292256,0.109558665292483
24,33,800106,2076.99997850129,238.270055266824,0.114718371561445
24,33,800108,2592.99993611508,289.575840243356,0.11167599204696
24,33,800109,2616.03526746147,320.81719165557,0.122634887857182
24,33,800203,3521.12647978416,437.125955320981,0.124143781210545
24,33,800206,2835.30806552301,327.280007118243,0.11543014006059
24,33,800208,5365.89226301572,700.861423812072,0.130614143828929
24,33,800209,2624.15452722651,342.260082903411,0.130426801986066
24,33,800210,2101.34036069607,222.762665329549,0.106009797125754
24,33,800211,2080.04335303581,296.560353272326,0.142574121274683
24,33,800212,3697.11178562687,515.096551413707,0.139324040299844
24,33,800213,3310.05416079412,400.525703707987,0.121002764381322
24,33,800214,1978.21217235817,228.511866429567,0.115514336441053
24,33,800215,1877.04308079943,227.726189720216,0.121321770421608
24,33,800401,1869.14920940171,236.442761315633,0.126497531671811
24,33,800402,3520.21404304489,407.549412823238,0.115774043237075
24,33,800403,3140.01055221191,374.138901317101,0.119152115923161
24,33,800408,5359.01569989479,724.78959253628,0.135246775364086
24,33,800409,4722.03298302829,593.306646926889,0.125646442762963
24,33,800410,4463.78190399981,512.562845964957,0.114827036129536
24,33,800411,3074.9998936064,449.782237942159,0.146270651546153
24,33,800412,2452.1257761264,333.264908951599,0.135908570513073
24,33,800413,2701.03172209517,347.903262487535,0.12880384174743
24,33,800504,3944.05570677236,454.078602116578,0.115129865264549
24,33,800505,2089.02689832858,237.651049386179,0.113761603345712
24,33,800507,2285.00002149842,274.918013832222,0.120314228116261
24,33,800509,7945.99673682674,1260.18195818964,0.158593314335151
24,33,800511,3897.12586572311,481.28324396267,0.123496972011031
24,33,800513,4228.02096769855,503.289501827746,0.119036661755654
24,33,800514,3900.00023104191,447.547876312218,0.114755858922771
24,33,800515,3018.42751178205,379.312333814597,0.125665543510321
24,33,800516,2851.0310058881,326.37277573939,0.114475351220435
24,33,800517,4114.99983833295,589.974106581679,0.143371598969658
24,33,800518,2348.99998344036,330.067156215645,0.140513903168372
24,33,800519,2776.04097611178,390.188868498972,0.140555875023676
24,33,800520,1443.99991819165,206.475542880332,0.142988611203597
24,33,800601,1631.99988154617,249.652020070414,0.152973062616825
24,33,800604,1213.99986865525,164.147308205804,0.135211965374947
24,33,800605,3188.31358248183,355.923015345454,0.111633628919398
24,33,800606,3734.00036809298,484.598735911528,0.129780045029567
24,33,800607,4298.03015616444,623.66779490792,0.145105495365924
24,33,800608,3160.00035564935,378.801092494696,0.119873749956226
24,33,800701,4039.18988411438,525.028256802404,0.12998355409516
24,33,800704,3650.04716802222,433.615237788065,0.118797160098898
24,33,800705,3385.05214385984,459.261251451572,0.135673316667995
24,33,800706,2829.0208490259,382.28497878529,0.135129784892508
24,33,800707,2336.99373444245,394.277419967173,0.168711372288397
24,33,800800,2988.02592232093,410.409215732909,0.137351290250563
24,33,800900,1284.01734689497,180.51819505584,0.140588595233836
24,33,801003,3767.00783660501,448.403809860494,0.119034477577465
24,33,801004,3513.79634078037,452.33414297912,0.128730893629043
24,33,801005,2993.99711059187,426.986275664757,0.142614124160043
24,33,801006,2893.17638961842,358.700834730155,0.123981668043912
24,33,801104,1806.28896108338,105.559638747006,0.0584400619287918
24,33,801207,3631.24467175469,485.660955084784,0.133745037579664
24,33,801208,2931.13170371194,436.404047622178,0.148885854248556
24,33,801209,3987.00353059747,527.612729382785,0.132333148273817
24,33,801210,3571.0026939672,527.104349103802,0.147606819225952
24,33,801211,2313.16701173911,340.11017398629,0.14703226021306
24,33,801212,2818.05237337915,403.768922271236,0.143279424500927
24,33,801213,2935.99408828315,483.565147665515,0.164702357404365
24,33,801214,3021.02543874324,584.349929814757,0.193427676020447
24,33,801215,1856.99611582254,259.679454772232,0.139838447996543
24,33,801216,2745.01691935811,399.148394740471,0.145408355018011
24,33,801217,2830.06997354614,389.304860258996,0.137560153599732
24,33,801302,1983.00601905367,256.319299185938,0.129257953189803
24,33,801305,4734.10325440146,719.253892135748,0.151930334740171
24,33,801307,3086.00820204975,547.334124831272,0.17735990606497
24,33,801308,3126.00715177205,435.132555033,0.139197555829754
24,33,801309,2949.03166770705,464.600531693725,0.157543419008099
24,33,801310,4685.99209043821,665.041928556773,0.141921265704608
24,33,801311,4830.03326701352,717.101238012705,0.148467142640634
24,33,801312,2869.79221716828,460.486392172553,0.160459837272446
24,33,801313,2581.99669601062,392.008021993176,0.151823595513836
24,33,801404,4005.19305918428,594.724792753904,0.148488420898999
24,33,801405,3824.45886345154,527.836896758165,0.138016099951405
24,33,801406,1968.00381250343,287.019990682515,0.145843208666047
24,33,801407,4995.22631737445,760.596304112537,0.152264633429525
24,33,801408,2603.4208512577,361.398338553177,0.138816718157031
24,33,801409,2595.0525667226,389.908552404026,0.150250733801689
24,33,801410,2623.63398243012,442.737020156943,0.168749537138889
24,33,801411,2625.2960994173,402.364003070776,0.153264236807453
24,33,801500,2094.95880443148,347.41958184318,0.165835996921888
24,33,801600,1699.9366020334,278.374660912919,0.163755907473218
24,33,801701,3195.36950233142,404.770866768931,0.126674197295055
24,33,801702,2964.61591031231,396.25407652244,0.133661185296916
24,33,801704,4395.95149177903,551.338758551821,0.125419663884575
24,33,801706,1183.99306102058,166.033813605537,0.140232083338748
24,33,801707,5431.45026853213,721.348077684861,0.132809478504128
24,33,801708,2794.97203770917,404.197101453084,0.14461579436207
24,33,801801,1522.97774834766,208.990451106293,0.137224888106891
24,33,801802,2657.93471432939,419.759349960007,0.157926884997216
24,33,801804,1697.47384559703,289.68944801727,0.17065915258057
24,33,801805,1759.23615632513,282.677684938184,0.160682057335992
24,33,801807,3377.15030546923,553.429373250737,0.163874664492862
24,33,801808,2843.23115216913,385.294440170436,0.135512879378974
24,33,801901,3905.17800919121,593.659008421224,0.152018424518419
24,33,801904,2252.08830096862,361.12439740299,0.160350905090032
24,33,801905,4245.20013678192,549.758020704201,0.129501084281257
24,33,801906,1393.99217518335,192.974009640206,0.138432634756234
24,33,801907,2481.09058436004,423.703558147372,0.170773111154529
24,33,801908,2272.03235511439,289.663683100987,0.127491002691466
24,33,802001,4333.38866412748,571.920062333892,0.131979867642232
24,33,802002,2789.13598688082,407.325028239868,0.146039859711319
24,33,802103,2540.00058741239,371.079579412708,0.146094288816973
24,33,802104,1548.99999840328,239.376315733512,0.154536033557304
24,33,802106,2866.00014795755,360.004174984523,0.125612057361923
24,33,802107,2453.00014410944,326.396030021502,0.133059931042116
24,33,802201,1483.00015107396,220.555497146196,0.148722504840256
24,33,802203,3405.67416252934,560.184314913176,0.164485587340257
24,33,802204,4366.81590641617,688.234799550759,0.157605636303453
24,33,802301,2771.43272083778,459.39427633634,0.165760573180167
24,33,802404,2738.99987273825,382.193918055669,0.139537764079404
24,33,802405,3238.93068027342,501.855361524911,0.154944767599209
24,33,802406,1568.02668646936,234.680935184207,0.14966641652804
24,33,802407,2974.99996967555,420.024897386103,0.141184840896624
24,33,802408,1044.99982678054,162.167383511706,0.155184124777624
24,33,802501,2263.98610681895,341.742998800374,0.150947480539333
24,33,802502,1977.00018209142,270.176884457751,0.13666002001676
24,33,802600,2400.99975027713,374.932439682314,0.156156800782273
24,33,802700,2004.53470965884,318.536573013563,0.15890798571793
24,33,802803,3579.46807355275,530.305397760835,0.148152012216298
24,33,802804,4279.14700748568,700.441029047828,0.163687068432685
24,33,802805,3536.96946628951,584.115078935712,0.165145637954428
24,33,802901,2888.6953469054,491.768920153328,0.17023910835047
24,33,803001,2238.30244091241,326.227205767047,0.14574759862839
24,33,803002,2309.99980569063,354.312311499302,0.153381965931972
24,33,803100,2094.08192995711,315.545213062162,0.15068427292557
24,33,803200,2068.99967005502,275.961598480195,0.133379237548577
24,33,803300,3363.63110814097,551.21573935129,0.163875205582796
24,33,803401,1043.00027491168,156.990224195411,0.150517912575531
24,33,803402,3216.50284052023,541.87236740209,0.16846631085656
24,33,803508,3082.0449318547,475.694826252768,0.154343897240494
24,33,803509,2006.99966137567,233.942200782681,0.116563149105032
24,33,803512,4928.08115685401,634.116389962474,0.128674096424029
24,33,803513,3168.99960948385,452.753723708027,0.142869605396313
24,33,803514,3190.00437978366,374.851279997161,0.117508076908215
24,33,803516,3811.00031210203,467.901163227591,0.122776469406667
24,33,803519,3532.99963240946,505.014976663171,0.142942266970675
24,33,803520,3204.19121850674,507.95799575115,0.158529239084513
24,33,803521,4031.16420987935,589.943647110655,0.146345724558889
24,33,803522,2907.01378740489,364.179980073356,0.125276316765756
24,33,803523,3406.01095420996,557.114040221846,0.163567894440631
24,33,803524,2626.00015042881,331.619780637771,0.126283229870957
24,33,803525,1867.99996102668,264.917682082503,0.141818890583328
24,33,803526,2316.32261109396,362.710721908519,0.156589034779234
24,33,803527,2489.0018990674,353.897645018034,0.142184562073109
24,33,803601,2897.01022707554,441.946446511732,0.152552601430705
24,33,803602,1596.20619156199,272.486501799395,0.17070883651488
24,33,803605,4877.07258954074,685.701435156897,0.140596930344534
24,33,803606,3951.96039622828,594.454060614732,0.150420044993891
24,33,803607,2558.01230756917,376.732418712353,0.147275451958382
24,33,803608,4122.08559622437,603.704662386123,0.146456119916357
24,33,803610,2347.00254755697,343.426176434047,0.146325438287881
24,33,803612,2302.00237152617,277.657542709322,0.12061566319119
24,33,803613,3738.06609788617,539.803932254347,0.144407273204612
24,33,803700,1821.03006537876,244.301656018669,0.134155751002307
24,33,803801,1883.06528232442,233.182863936838,0.123831534745838
24,33,803803,4273.05722742714,597.707667192567,0.139878226613982
24,33,803900,2759.01458545758,318.922106263382,0.115592758350891
24,33,804001,3644.07776709442,561.775128529342,0.154161125100595
24,33,804002,3415.00029609314,468.14971171351,0.137086287298155
24,33,804101,2430.0274535531,327.269812522344,0.134677413641489
24,33,804102,4318.01521936124,565.783615593386,0.131028629324072
24,33,804200,2238.24905023017,310.726786113278,0.138825831772977
24,33,804300,2238.17687766053,333.288009195666,0.148910487156867
24,33,804400,2084.00352309777,313.994051910591,0.150668676146888
24,33,804600,2454.00306978794,354.339023594688,0.144392249527751
24,33,804700,2670.0540123223,347.38307044461,0.130103386988217
24,33,804801,1885.00219596729,242.601714025596,0.128701024616634
24,33,804802,2116.99214295575,279.828053407806,0.132181904566311
24,33,804900,2936.0364748686,423.800849899868,0.144344545283224
24,33,805000,4231.24998106441,563.312573873441,0.133131480388624
24,33,805101,2785.29910483436,315.04255609816,0.113109057318602
24,33,805201,3281.56765678093,455.949730624075,0.13894265738569
24,33,805202,2732.21773874247,391.842489590839,0.143415542632114
24,33,805500,3134.21603580011,357.309014236216,0.114002675678673
24,33,805601,4576.92043051437,427.345313192688,0.0933696182139355
24,33,805602,4261.73197306962,387.036126398168,0.090816627803882
24,33,805700,4730.82126503028,592.288459807021,0.125197809561133
24,33,805801,3358.584134431,370.594092625206,0.110342357907908
24,33,805802,2891.77549566926,389.710258429105,0.134765046253673
24,33,805904,2708.30828385734,438.933449628622,0.162069234231882
24,33,805906,2285.35852328085,246.090848561537,0.107681506448384
24,33,805907,3094.10659844686,369.042308681387,0.119272654945578
24,33,805908,1958.31614718528,247.233699317059,0.126248103337356
24,33,805909,4054.66788462483,363.611751142413,0.0896773204338675
24,33,806000,4354.98297478376,480.940936742011,0.110434630749823
24,33,806100,3148.31215997672,406.540861432773,0.129129781538493
24,33,806200,2897.06325349864,390.524246334031,0.134800041339247
24,33,806300,1565.04207771166,193.379916461221,0.123562119648548
24,33,806400,3361.75872174394,387.781078082664,0.11535065725404
24,33,806501,3750.86476664367,435.764910677228,0.116177185206055
24,33,806601,3240.97361469286,378.805459883691,0.116880143104648
24,33,806602,3318.00543784874,393.005359021508,0.118446267308205
24,33,806706,2846.00112427013,483.436587953042,0.1698652132743
24,33,806708,3519.00401417867,455.967643240354,0.129572925010367
24,33,806710,4446.99980999191,561.479992372728,0.126260403949455
24,33,806711,3779.59774119554,518.559898918297,0.137199758923094
24,33,806712,2665.99989737302,284.362874106341,0.106662747581701
24,33,806713,2462.71416565202,243.663641696207,0.0989410972229883
24,33,806714,2464.86246052393,252.040835807838,0.102253509006853
24,33,806800,3796.73355585465,420.288744858688,0.110697455767101
24,33,806900,3799.61297204722,370.845071783981,0.0976007489479042
24,33,807000,6107.48553418109,563.845792332307,0.0923204466349849
24,33,807102,2020.99890792865,202.060565497446,0.0999805416542956
24,33,807200,3645.29849351612,126.771522126602,0.0347767192047758
24,33,807301,3057.19178301302,326.1939351743,0.106697243197749
24,33,807304,1488.02368700774,203.744636037245,0.136922978992998
24,33,807305,2942.44581636334,353.471672403405,0.120128523841527
24,33,807404,3780.03144679401,461.767695879197,0.122159749827171
24,33,807405,4898.2015295141,575.228114495066,0.11743659607083
24,33,807407,5038.11034097605,652.886696261444,0.129589598495169
24,33,807408,4184.00072814263,522.606412719756,0.124905908644942
24,33,807409,2607.55166284421,349.174040878843,0.133908771915943
24,33,807410,3034.22880390324,441.344229155635,0.145455157695388
51,13,100100,3617.45547667047,345.712143770186,0.0955677674541505
51,13,100200,4786.13264546652,455.338488036894,0.0951370389761755
51,13,100300,4264.8539549122,417.113048465892,0.0978024225156567
51,13,100400,2664.36833621729,289.452070226901,0.108638158730653
51,13,100500,3445.27143120805,331.164410258967,0.0961214281287694
51,13,100600,2446.05654321503,267.688376151908,0.109436708196478
51,13,100700,4037.11995211253,402.875802397548,0.0997928739240785
51,13,100800,1367.99960484389,151.079777687079,0.110438465882685
51,13,100900,3535.44660855319,334.665782559358,0.0946601150049083
51,13,101000,2397.22364243506,240.147699455203,0.100177428256658
51,13,101100,4633.14144535965,356.866066301765,0.077024643108875
51,13,101200,3000.25238333343,332.634260950918,0.110868759841245
51,13,101300,5312.0631518144,438.182093588644,0.0824881182820611
51,13,101401,1199.00037984601,63.0744101500038,0.0526058299982394
51,13,101402,2736.9984832702,177.523242691547,0.0648605557425958
51,13,101403,5315.02264218539,339.153994321664,0.0638104514606947
51,13,101404,4182.00263462922,330.835359816546,0.0791093140585452
51,13,101500,6455.14552311862,468.624548948707,0.0725970541284256
51,13,101601,1275.00007447949,81.7161387401741,0.0640910854640804
51,13,101602,1497.00289221895,108.692734473301,0.0726068967790635
51,13,101603,3294.00091481548,232.739433687758,0.0706555461599789
51,13,101701,2679.23964925378,155.573232148963,0.0580661876186749
51,13,101702,4145.0359467244,343.111514648081,0.082776487118097
51,13,101703,1863.43171790713,135.099982408066,0.0725006347749624
51,13,101801,2214.00111204968,125.289515168715,0.0565896351572851
51,13,101802,5610.15882988853,335.867644376901,0.0598677603542241
51,13,101803,3527.66196330989,254.799643123092,0.0722290417203189
51,13,101900,2390.23430240723,196.922548323598,0.082386294985925
51,13,102001,2807.99154584288,215.823073229585,0.0768603002203131
51,13,102002,1380.21300686697,99.9057901656144,0.0723843273962451
51,13,102003,3429.23748468781,426.822749492589,0.124465789085309
51,13,102100,1858.31457156179,283.152758165423,0.152370735557141
51,13,102200,5513.70535897058,735.859640028627,0.133460094821972
51,13,102301,1302.96658494598,126.174039284583,0.0968359747228779
51,13,102302,3335.7235840501,327.506017681339,0.0981814018545549
51,13,102400,2858.87183241801,278.577860254836,0.0974432841290464
51,13,102500,4508.87999059195,342.913729823554,0.0760529733634659
51,13,102600,2774.44133770166,283.046300015473,0.102019205152828
51,13,102701,2705.47735171926,307.588112536514,0.113690884287407
51,13,102702,1663.61672988726,134.622330125862,0.0809214813167846
51,13,102801,6502.02447472999,622.678098366471,0.0957668032143679
51,13,102802,993.540308343993,92.0248722819627,0.0926231895264999
51,13,102901,2386.76440073507,183.185814269272,0.0767506898514389
51,13,102902,3950.21113873726,313.298594142917,0.0793118603384494
51,13,103000,2849.09092502264,238.955453098776,0.0838707711993702
51,13,103100,5493.96239809697,600.359265141029,0.109276187501572
51,13,103200,5138.44566917869,406.403925305314,0.0790908285248587
51,13,103300,2110.4363090213,206.274178754973,0.0977400634519177
51,13,103401,156.079765713134,17.6597051769503,0.113145384965581
51,13,103402,4900.42128428972,366.044639047113,0.0746965654199195
51,13,103501,3000.08702295635,231.025216848337,0.0770061718478687
51,13,103502,3042.51035880792,296.75076859418,0.0975348424813413
51,13,103503,3293.27516157423,204.593725813442,0.0621246982944612
51,13,103601,1980.33019656923,177.428588032601,0.0895954565253727
51,13,103602,1376.94902376228,61.5656673117746,0.0447116532633554
51,13,103700,1956.32713751532,211.770355604572,0.108248948523781
51,13,103800,3931.06691371009,302.457599103451,0.0769403334368571
51,59,415100,2529.99918316273,268.043372633801,0.105946031294256
51,59,415200,2666.01576874277,269.388899980434,0.101045501357808
51,59,415300,2994.04583736949,357.11055409787,0.119273576122542
51,59,415401,4017.42447641888,378.26351432773,0.0941557250293136
51,59,415402,2270.0030641758,328.786193955283,0.144839537507259
51,59,415500,4268.06284930406,582.757191318028,0.136539037004352
51,59,415600,2212.99225793777,250.356585178615,0.113130348414285
51,59,415700,2575.99522756403,263.933603311889,0.102458886758682
51,59,415800,3552.99448630792,382.880688156533,0.107762815178022
51,59,415900,2548.99668125376,283.953712021488,0.111398227431909
51,59,416000,4080.01044742625,500.901550891047,0.122769673594102
51,59,416100,2875.99589787959,363.247819905435,0.126303316417541
51,59,416200,2713.43043179516,178.821320084142,0.0659023050632762
51,59,416300,1582.9969867536,181.844822079917,0.114873763880526
51,59,420100,3017.001708174,352.095297804555,0.116703711784657
51,59,420201,2990.00044906096,311.493386034381,0.104178374331753
51,59,420202,1962.00083185621,144.919296051247,0.0738630145809579
51,59,420203,1923.04094651934,203.297938986918,0.105716906004983
51,59,420300,4518.00978711867,509.440889503044,0.112757810077241
51,59,420400,2841.0038112175,229.684868383048,0.0808463781273908
51,59,420501,1519.99379263,255.727628275825,0.168242547776032
51,59,420502,1665.00280019456,146.856997699271,0.0882022526821636
51,59,420503,2357.005349403,228.784747106317,0.0970658582358608
51,59,420600,3344.00440207944,326.847922944905,0.097741475083483
51,59,420700,3009.00195842016,361.809476450697,0.120242353262097
51,59,420800,2824.0043686144,332.244505859137,0.117650138771617
51,59,421001,2225.00065186742,225.648703519644,0.101415117937273
51,59,421002,4089.00106629476,416.056207442811,0.101750085338036
51,59,421101,4887.00090206339,436.596915519339,0.0893384151689021
51,59,421102,2872.00168820252,290.730938917755,0.101229376052252
51,59,421103,3716.00021093439,359.613960883674,0.0967744726777743
51,59,421200,1501.99595234571,149.877113176222,0.0997852976515382
51,59,421300,2920.202159486,315.859394135578,0.108163536935119
51,59,421400,5519.4351437735,584.819245343894,0.105956357871807
51,59,421500,5001.00827652581,650.994189015879,0.130172587810257
51,59,421600,4493.5135900281,552.427222383256,0.122938811982051
51,59,421701,3717.00185794604,392.872283530573,0.105696014838063
51,59,421702,2835.05331695559,345.313382089834,0.121801371432636
51,59,421800,4622.00185606012,461.736663566863,0.0998997140084351
51,59,421900,1574.66383837234,106.741156999009,0.0677866312782938
51,59,422000,3077.12020790037,350.498473890481,0.113904706416925
51,59,422101,5101.00196618085,493.073156843166,0.0966620205426685
51,59,422102,4992.00245028576,503.381509025034,0.100837592536882
51,59,422201,2657.99461447625,312.838424182645,0.117697162544586
51,59,422202,4312.00440901165,426.813226067688,0.0989825578971328
51,59,422301,2180.00104353317,220.02413660616,0.100928454717417
51,59,422302,4551.00099300314,489.716196449589,0.107606260073882
51,59,422401,1876.0007055291,147.896924543823,0.0788362840738439
51,59,422402,3766.00101999725,305.176441818442,0.0810346147539452
51,59,422403,1985.15816499625,214.114719212345,0.107857763168583
51,59,430101,3638.34043073641,406.702258836314,0.111782354229562
51,59,430102,2272.43797746918,225.560521778628,0.0992592642857675
51,59,430201,3119.76324593141,291.236797542097,0.0933522112365126
51,59,430202,3614.49614717786,403.414653147525,0.111610204222379
51,59,430203,2153.02959699105,209.405091611795,0.0972606655776808
51,59,430400,5188.00125598274,609.868968228713,0.117553743366083
51,59,430500,1284.00023147175,125.645006547711,0.0978543488295898
51,59,430600,5477.98469768161,572.498416683384,0.104508947775206
51,59,430700,2300.00038815644,247.52623083235,0.107620082199531
51,59,430801,3505.00016847761,374.154883768615,0.10674889180708
51,59,430802,3342.00075052126,356.825335113236,0.106769974560173
51,59,430901,3317.99981133788,338.224619041041,0.101936298454659
51,59,430902,2703.07147845608,272.458965736083,0.100796063998909
51,59,431001,3806.83539545173,402.689380478701,0.105780612673671
51,59,431002,1564.337193172,144.054850206602,0.0920868281054565
51,59,431300,3163.20311137354,319.780740844888,0.101093963803681
51,59,431400,3425.99999510488,328.232127830314,0.0958062254230289
51,59,431500,3853.99991275532,435.816707375394,0.113081659896515
51,59,431600,6426.00136476704,836.662465981926,0.130199546886068
51,59,431801,3077.14000951089,291.77760875587,0.0948210376694067
51,59,431802,2803.38974433412,267.976922884497,0.09559032004954
51,59,431900,2427.45556244994,264.912338334412,0.109131694286113
51,59,432000,2382.62105801907,267.614872217896,0.112319527823024
51,59,432100,2971.30108306772,319.831216010099,0.107640123659192
51,59,432201,1933.69848897452,157.52113675221,0.0814610641991793
51,59,432202,3386.08321809284,366.853445965545,0.108341532779035
51,59,432300,3939.70282803974,437.474824914123,0.111042594837488
51,59,432401,2738.19464683309,296.491856044786,0.108280051013795
51,59,432402,3909.89018136766,409.654358157387,0.104773878332842
51,59,432500,4182.40425880765,428.810691953077,0.102527318120923
51,59,432600,3491.28708141549,346.346128736252,0.0992029932399118
51,59,432701,2523.00033055987,255.059738181363,0.101093818772812
51,59,432702,3340.00045304232,348.333243004734,0.104291375974948
51,59,432800,1676.99945387832,181.412041921763,0.108176565891074
51,59,440100,5508.22901503401,667.057756618787,0.121102037478496
51,59,440201,2321.0948122169,187.278019248911,0.0806852086623899
51,59,440202,4653.66978172053,446.714398364969,0.0959918557435359
51,59,440300,2086.95500202195,233.468049266374,0.111870188403764
51,59,440501,3768.88025837421,438.818469901993,0.116432054036996
51,59,440502,1687.89436899658,109.360144000666,0.0647908696239553
51,59,440600,2514.75108666939,261.442535057319,0.103963583689542
51,59,440701,2250.85781552316,275.195679839276,0.122262578267438
51,59,440702,4052.14103544,442.900179265167,0.109300287278149
51,59,440800,5044.6127941808,651.73236451607,0.129193734208476
51,59,450100,4208.00134352115,408.599994899911,0.0971007282421646
51,59,450200,3082.00167305868,317.898761684284,0.103146849160789
51,59,450300,3547.00128921416,382.987348162065,0.107974967284806
51,59,450400,2148.99974737456,250.236243525967,0.116443123751728
51,59,450500,2449.00091249921,271.592907137234,0.110899471597204
51,59,450601,3101.99965869889,330.919173342818,0.106679306819015
51,59,450602,3031.99948288959,329.82499615496,0.108781349738433
51,59,450701,2412.99790756926,274.355725586672,0.113699114585244
51,59,450702,3204.0037392032,371.752083581558,0.116027356345723
51,59,450800,3116.99948926634,369.959677234898,0.118690964983756
51,59,450900,1432.99946582239,157.224563145663,0.109717112180103
51,59,451000,1896.9989047076,213.238978940974,0.112408593601081
51,59,451100,1738.99973097796,215.231736579522,0.123767550244808
51,59,451200,1397.99842620624,167.264092789854,0.119645408502898
51,59,451300,1931.99975993041,211.684877648545,0.10956775566896
51,59,451400,2441.00142330233,308.331861394637,0.126313675383895
51,59,451501,4038.00173335775,466.541724838095,0.115537772305548
51,59,451502,3694.00160230268,450.523971877661,0.121960957352272
51,59,451601,4746.98740431455,508.150635454138,0.107046973622108
51,59,451602,2017.00032369063,229.361389177515,0.113714106281271
51,59,451800,2781.99947889144,327.883632744136,0.117858984242078
51,59,451900,4424.99956666616,459.305796640448,0.103797930309515
51,59,452000,2179.99997577744,339.271292132037,0.155629034817326
51,59,452101,4499.99832810836,508.302843869959,0.112956229493452
51,59,452102,2628.00033080946,327.785301410842,0.124728028976267
51,59,452200,5444.0014167392,648.022486081258,0.119034224364586
51,59,452301,2953.00130819413,371.475172455768,0.125795803552467
51,59,452302,3702.00087200233,422.501264445574,0.11412781332411
51,59,452400,5369.00084446834,612.820339839141,0.114140481179199
51,59,452501,2931.00022749655,357.302957082054,0.121904786540135
51,59,452502,3557.00158968898,409.591968141552,0.115150909498853
51,59,452600,5124.0017078569,488.644894971201,0.0953639211755016
51,59,452700,3937.00301049655,465.492857649997,0.11823533190321
51,59,452801,4232.99862039303,500.538271570029,0.118246736287279
51,59,452802,2612.99828265611,381.379755829912,0.145954843660379
51,59,460100,3250.08804436101,366.132269084906,0.11265303096024
51,59,460200,3050.99889849395,315.680297525069,0.103467850375461
51,59,460300,2059.99960955807,221.955339449149,0.107745330833711
51,59,460400,3549.00012970062,410.750687679234,0.115737016812643
51,59,460501,2002.11239095622,231.401473961103,0.115578663318988
51,59,460502,5909.40753686458,613.895223385987,0.103884394426401
51,59,460600,2882.76929992162,310.830618791097,0.107823619045599
51,59,460701,2582.00130852793,285.931400808651,0.110740223044917
51,59,460702,3317.10766967499,325.568650229201,0.0981483517118093
51,59,460800,2407.00056071777,255.675887384872,0.10622178139777
51,59,460900,1853.99918011281,211.698619229909,0.114184850511654
51,59,461000,1592.99884044728,183.50633234221,0.115195521605456
51,59,461100,5791.57932260058,716.127051078595,0.123649700917337
51,59,461201,3352.99826350456,398.258074063483,0.118776701556422
51,59,461202,4414.05451665715,400.764665727458,0.0907928672414688
51,59,461500,4945.54285504457,487.816595301096,0.0986376237349782
51,59,461601,5383.00272320117,484.639610957302,0.0900314630844356
51,59,461602,3835.9980487609,261.387382646066,0.06814064536099
51,59,461700,5197.00127206928,503.583629228508,0.0968988851195713
51,59,461801,1091.99994274697,105.254990587509,0.0963873590714077
51,59,461802,4406.00169757581,379.185995711227,0.0860612459409302
51,59,461901,3266.99948144023,367.344213386847,0.112440854513055
51,59,461902,1428.99296677112,126.425964541254,0.0884720691291568
51,59,470100,2176.0008799306,265.326197795626,0.12193294600326
51,59,470300,2472.31979276827,290.787827254318,0.117617400509795
51,59,470400,3382.38523350253,393.074633912703,0.116212260513468
51,59,470500,4270.00171312846,506.555491901086,0.118631215145334
51,59,470600,2057.40339282356,280.917726450433,0.136539935449851
51,59,470700,4136.00349225769,463.594443021778,0.112087536649714
51,59,470800,2243.00082885768,238.205388433172,0.106199420601412
51,59,470900,5077.25126466659,567.336971785658,0.11174096813641
51,59,471000,1668.0012722493,167.067462799965,0.100160273004273
51,59,471100,5976.00807331722,588.763620694683,0.0985212224400271
51,59,471201,2725.99993644338,267.864778351786,0.0982629437259895
51,59,471202,4135.99858628054,352.534726552658,0.0852356980299862
51,59,471301,3289.9900406827,247.158331370996,0.0751243402912273
51,59,471303,3402.00277091788,311.064461003606,0.091435687137809
51,59,471304,1422.00114759639,142.325514694855,0.100088185537281
51,59,471401,2840.19993115479,316.700289423285,0.111506336560793
51,59,471402,2416.37671850911,281.640310578715,0.116554802246433
51,59,480100,3221.50111511167,368.690168707796,0.114446699080225
51,59,480201,3422.21023566583,399.330723637937,0.11668795782216
51,59,480202,2945.00279891556,199.659906803416,0.0677961687767962
51,59,480203,1892.99922181031,254.728154362359,0.134563264172269
51,59,480300,5369.00073810472,634.507781973063,0.118179864917852
51,59,480401,2958.00051955441,332.356705181536,0.112358568899644
51,59,480402,4601.0025379209,534.286898000281,0.116124017232495
51,59,480501,2532.02732221458,257.251923862176,0.101599189552653
51,59,480502,4391.02070273734,461.322912071399,0.10506051856777
51,59,480503,2639.02802969155,246.27368738711,0.0933198452673859
51,59,480504,1511.01951769375,148.61064988291,0.098351244403337
51,59,480505,2307.03091366617,194.272327910265,0.0842088100161352
51,59,480801,3844.97434871167,385.314270191574,0.100212442332855
51,59,480802,2901.00816629643,269.619247204121,0.0929398442708731
51,59,480901,5401.91659938158,538.791655067883,0.099740831824313
51,59,480902,3079.01111382607,290.933475369089,0.0944892579512538
51,59,480903,3037.99929262828,308.30733736654,0.101483676482299
51,59,481000,4572.96159473842,375.912749036435,0.0822033470538993
51,59,481101,1994.99598046272,119.495668467943,0.0598976988616426
51,59,481102,2595.98396510463,186.117475234591,0.0716943855341147
51,59,481103,2501.97236872879,204.20537678075,0.0816177585864003
51,59,481104,2118.00106885051,166.341280458129,0.0785369199782352
51,59,481105,3833.00982725496,399.143254621671,0.104133115387163
51,59,481106,3939.03286844639,398.702414494416,0.101218351765536
51,59,481201,928.008450403169,98.810080535194,0.106475410317941
51,59,481202,4856.90509544149,505.660919201131,0.104111756203704
51,59,481400,4896.01149746579,572.031567434586,0.116836238585362
51,59,481500,1792.99907851036,212.6623449301,0.118607057571263
51,59,481600,2475.99907774928,273.31385355741,0.110385280840192
51,59,481701,4465.99734284414,480.13969600115,0.107510072026907
51,59,481702,3649.00283200788,305.274072440753,0.0836595876996825
51,59,481900,4450.97300367228,466.877521380013,0.104893361742436
51,59,482001,3634.01975407443,370.909360039125,0.102065862361718
51,59,482002,2993.0273628919,296.938487550744,0.0992100811480183
51,59,482100,2914.96669072629,307.905287553526,0.105629092961199
51,59,482201,1851.97937345858,184.929132311432,0.0998548552763176
51,59,482202,2853.03850723653,304.329941735763,0.106668711608291
51,59,482203,3225.06486467329,292.869985299419,0.0908105720624282
51,59,482301,4000.03354647122,414.531138722073,0.10363191555925
51,59,482302,3384.9447926915,303.85200535909,0.0897657196699759
51,59,482303,2891.04075453258,290.911345051996,0.100625127679679
51,59,482400,1729.02243233259,186.842387779862,0.108062442849741
51,59,482501,6396.83799960903,492.518682298321,0.0769940840034441
51,59,482502,2364.01819496984,213.449502618385,0.0902909728328499
51,59,482503,3532.01446514736,333.804067105467,0.0945081257167333
51,59,482504,3877.04352835591,379.040159276866,0.0977652576001902
51,59,482601,5260.03864933491,504.106061520646,0.0958369500924458
51,59,482602,5202.01710580122,549.329630047125,0.105599350958404
51,59,490101,3999.00082501959,434.193023603076,0.108575377350903
51,59,490103,4337.00230959044,401.577591901231,0.0925933544036213
51,59,490501,2281.00054359002,202.009281824671,0.0885616982391127
51,59,490502,4735.28630551296,526.218301263143,0.11112702956324
51,59,491000,1375.00049296533,132.719008779545,0.0965228808706263
51,59,491101,2783.00244232619,271.228838267323,0.0974590730292766
51,59,491102,2611.00178550186,270.850501157085,0.103734322458544
51,59,491103,5036.9998778373,462.826151848626,0.0918852815313839
51,59,491201,4570.00118679233,391.321585592779,0.0856283334725885
51,59,491202,1343.00032010781,109.934189460992,0.0818571580475621
51,59,491301,4919.99979204636,454.859343928266,0.092451090071912
51,59,491302,2860.00015564148,224.520603325451,0.0785037031842723
51,59,491303,3801.98042813519,305.656869547,0.0803941196764444
51,59,491401,3795.99380230633,339.660382000276,0.0894786450372781
51,59,491402,3180.00405518412,290.979487091016,0.0915028666761144
51,59,491403,2755.99282968364,253.797001567426,0.0920891371101859
51,59,491404,2965.99176019708,254.575267913215,0.0858314144123918
51,59,491405,2067.00436732279,187.572427649419,0.0907460238665893
51,59,491501,4953.85850900957,468.42599757538,0.094557807156473
51,59,491502,4391.82022142811,461.10223248157,0.104991144726692
51,59,491601,3348.00974136053,353.633843606981,0.105625093988907
51,59,491602,4330.99991956642,457.617154852029,0.105660855079822
51,59,491701,3101.00106655149,250.978241661695,0.0809345873398227
51,59,491702,6378.12496202402,505.679362554083,0.0792833890155724
51,59,491703,3850.99956106199,269.523103203531,0.0699878301542067
51,59,491704,4143.0006201815,322.63767123152,0.077875361557968
51,59,491705,2316.69996631218,240.07571881424,0.103628317134395
51,59,491801,1809.9998361878,132.466423496928,0.0731858759589318
51,59,491802,2080.00144808815,198.071993661722,0.0952268537330976
51,59,491803,5112.79217546819,520.331618277617,0.101770539544758
51,59,492000,4732.99151565839,535.501999483975,0.113142395821405
51,59,492100,5076.98622018766,564.978861526755,0.111282331096394
51,59,492201,2252.99095659,253.364565986944,0.11245698312541
51,59,492202,5070.98737726813,552.199774133025,0.108893935845391
51,59,492203,3201.99074225295,338.21524424925,0.105626552814853
51,59,492300,2520.99818486564,242.10009734091,0.0960334278677053
51,59,492400,3483.99855597136,325.544047619152,0.0934397768509946
51,59,492500,3269.99230638567,357.04106403631,0.109187126629955
51,121,20201,4767.65907037321,253.236803703334,0.0531155437008861
51,121,20202,1631.08726855748,208.514710710672,0.127837862958173
51,121,20300,5190.03850777554,372.670373412185,0.0718049341741614
51,121,20400,6542.9423754243,325.988528211224,0.0498229251468968
51,121,20500,5720.47322378819,426.710840454708,0.074593626044828
51,121,20600,4784.35276959292,360.418770337314,0.0753328167245453
51,121,20700,5150.41621145627,382.47121577991,0.0742602539439753
51,121,20800,5316.33907556423,582.731671991896,0.109611457002496
51,121,20900,3502.43304895835,383.386541099333,0.109462917846026
51,121,21000,3564.0547529592,377.662850072983,0.105964379407868
51,121,21100,5383.68602157707,505.235078258785,0.0938455690457937
51,121,21200,5683.67903562813,590.468696687832,0.103888466077426
51,121,21300,2882.91553189898,327.881552866099,0.113732625613947
51,121,21400,4169.71574618379,464.900873675971,0.111494620251143
51,121,21500,6745.13538736945,731.340223269574,0.108424839720644
51,153,900100,2737.69280855174,299.768476890402,0.109496754330513
51,153,900201,1380.11905908918,141.934931322427,0.102842526800621
51,153,900202,3470.94578538285,371.452096980059,0.107017545057704
51,153,900203,3263.0929236659,319.217510621305,0.0978266687737114
51,153,900300,6865.4222626512,659.202518934139,0.0960177675480046
51,153,900403,3716.21187049997,459.509456877517,0.123649962082408
51,153,900404,4185.35598083094,395.701233393029,0.0945442240051631
51,153,900407,4418.19541619603,493.013255317765,0.111587018878906
51,153,900408,3346.14699767958,331.225197399055,0.0989870431958748
51,153,900409,3366.16026962309,376.850107478985,0.111952514822231
51,153,900410,3233.23060108718,317.477603941056,0.0981920695153336
51,153,900501,6355.18766791012,692.875449728701,0.109025175326813
51,153,900502,2005.42557246111,159.810370128127,0.0796890058263315
51,153,900600,5153.22346283208,563.635165884254,0.109375261901508
51,153,900701,4175.24058707404,383.327919957878,0.0918097800506651
51,153,900702,5425.05741699679,525.65351682579,0.0968936319786975
51,153,900801,4406.90414560887,419.033394555983,0.0950856612058415
51,153,900802,4824.68827099532,515.76252923107,0.106900694979962
51,153,900901,3952.04256256216,427.749043589784,0.108234928348663
51,153,900904,3661.46887932441,348.36839905923,0.0951444380768596
51,153,900905,3913.74078962051,406.157683718439,0.103777359194455
51,153,901001,4986.63503604443,502.261031816305,0.100721434030335
51,153,901005,3254.37036931429,288.843411992875,0.0887555438423366
51,153,901008,5168.16748782185,488.960434746686,0.094610021037217
51,153,901009,5163.68399200312,519.984128192595,0.100700222747535
51,153,901010,2908.16496672408,272.972139375355,0.0938640491508451
51,153,901011,3909.25458770788,394.16190404374,0.10082789319558
51,153,901012,2587.80404654002,390.912057222322,0.151059373195194
51,153,901100,2817.23983859128,128.842793215267,0.0457336970215828
51,153,901203,2913.16512497826,333.420176392726,0.114452893017938
51,153,901208,2486.37444679083,315.591944841834,0.126928566712536
51,153,901209,4525.83405626978,512.833162594717,0.113312409650609
51,153,901211,3122.41003395627,337.698534357414,0.108153167164125
51,153,901212,5893.2483843112,612.585405527107,0.103946985699417
51,153,901219,4048.99920900004,426.056127064747,0.105225045763832
51,153,901221,3854.26941460766,379.030341781348,0.0983403859483267
51,153,901222,1819.94111130507,167.783848837679,0.0921919109335148
51,153,901223,4965.41162114799,522.007419248839,0.105128730320277
51,153,901224,3009.6901782831,321.719173060069,0.106894448930818
51,153,901225,3161.08313977652,326.260043953811,0.103211471994652
51,153,901226,4255.62136259866,436.850612602084,0.102652603551958
51,153,901227,3855.82496318736,405.333029637772,0.105122258792243
51,153,901228,4580.17010244808,473.237346857284,0.103323094180354
51,153,901229,2899.99920353731,288.680614908197,0.0995450669628031
51,153,901230,3168.65221080128,318.519012917554,0.100521922801054
51,153,901231,4234.01328685635,447.835326650309,0.105770883629611
51,153,901232,2361.10737050308,256.142706533787,0.108484141692891
51,153,901233,5184.00097439996,503.663409222035,0.09715727518364
51,153,901234,1872.58170878818,210.007525282858,0.112148657811445
51,153,901235,2442.491314402,249.499321389039,0.102149522464167
51,153,901236,3610.94056083207,365.07624412355,0.101102811850059
51,153,901237,2285.71689781798,161.548623988994,0.0706774422253313
51,153,901303,3571.00296118097,308.045599833295,0.0862630479957431
51,153,901304,1953.00606805449,202.734293637691,0.103806279434476
51,153,901305,2182.00235293549,237.379076299956,0.108789560185673
51,153,901306,4249.06230896287,419.914161880039,0.0988251363116709
51,153,901403,4670.98726521833,443.931379709965,0.0950401605706829
51,153,901407,2792.999825577,269.902020824518,0.096635172817728
51,153,901408,5164.98737194778,514.260942027364,0.0995667375336542
51,153,901409,4138.64129317205,313.520613921946,0.075754478755913
51,153,901410,4952.54740571568,385.315277341376,0.0778014314202602
51,153,901411,4151.00077584389,384.186485602308,0.0925527376043923
51,153,901412,4713.00107248336,353.883658405531,0.0750866916775523
51,153,901413,2776.00110476929,205.999944313769,0.0742074432030492
51,153,901414,3492.99914132149,361.33033619565,0.103444152596885
51,153,901415,2501.00004808453,169.33791996107,0.0677080834487642
51,153,901416,3435.00140367538,262.000830049362,0.0762738640423921
51,153,901417,1842.9948458083,185.719368877337,0.100770422282915
51,153,901503,4514.14187144049,456.698946804306,0.101170711911757
51,153,901504,3391.09485152358,588.190303852339,0.173451445508247
51,153,901505,4860.0006142354,410.235103264048,0.0844105044066107
51,153,901506,3518.00058728949,257.642791711517,0.0732355738206465
51,153,901507,1730.00061639426,123.259096042971,0.0712480070093111
51,153,901508,2819.00140781432,229.911434919858,0.0815577581063064
51,153,901509,3869.95765007633,382.855060028192,0.0989300386841807
51,153,901510,3216.00026276606,272.302058789852,0.0846710312628045
51,153,901511,2142.99464375252,305.11318171534,0.14237701554917
51,153,901601,2902.00182726913,309.993900352649,0.106820711634204
51,153,901602,5671.97140173286,523.863673190006,0.0923600695571137
51,153,901701,5307.97857300786,542.561310156213,0.102216183184168
51,153,901702,2869.99736776319,318.887153843448,0.111110608471387
51,153,901900,4251.99870024718,440.199139679626,0.103527580959523
51,510,200102,3267.00401926108,358.196820801945,0.109640765266937
51,510,200103,6081.02908220223,752.719098438691,0.12378153241229
51,510,200104,2991.00130290375,257.266822124134,0.0860136108514472
51,510,200105,3509.99960582701,459.55336928882,0.130926900540361
51,510,200106,2655.21336956706,351.672519342797,0.132446048733228
51,510,200107,5539.00890516974,439.874975267867,0.0794140220387292
51,510,200201,2673.32370933663,243.988850274451,0.091267978293207
51,510,200202,1427.00248601784,164.75493518929,0.115455254495773
51,510,200301,2584.00327010177,211.827405697269,0.0819764464496697
51,510,200302,3772.02135722074,384.315572092179,0.101885842018494
51,510,200303,4663.00428596267,555.811156670296,0.119195935192144
51,510,200403,1141.00087834244,87.243690440583,0.0764624218057784
51,510,200404,3015.00073927479,270.432763151327,0.089695753512941
51,510,200405,5655.00323094968,542.446224292766,0.0959232386153153
51,510,200406,4291.06714867349,455.169088683619,0.106073634579297
51,510,200407,3610.00182761405,415.053919176571,0.114973326606566
51,510,200500,3295.00514430249,342.044244369917,0.103806892369002
51,510,200600,4058.00805979941,443.582652215463,0.109310441398529
51,510,200701,728.006275276224,38.8394532927178,0.053350437505475
51,510,200702,3934.18301175957,292.54357966064,0.0743594232363379
51,510,200703,2392.99937514427,272.860055115441,0.114024290164719
51,510,200801,2005.02079152017,228.059649596865,0.11374428163608
51,510,200802,2499.00416681256,228.161175318893,0.0913008382894812
51,510,200900,3564.16669286655,355.727217340281,0.099806560128696
51,510,201000,2476.00134376084,229.734302921761,0.0927844015515815
51,510,201100,2326.99947567489,255.393919222438,0.1097524610092
51,510,201202,2526.01156971854,193.889459204246,0.0767571540560482
51,510,201203,5242.93511510761,493.072144512133,0.0940450594346165
51,510,201204,3135.9982243946,276.97232789508,0.0883203076266245
51,510,201300,2549.06684093483,219.722104441664,0.0861970745188792
51,510,201400,3247.0306029425,274.368697854803,0.0844983406088525
51,510,201500,2725.31180452908,258.192016245036,0.0947385234291204
51,510,201600,3739.16014624448,329.211320010479,0.0880441883028548
51,510,201801,5112.00458178507,539.163534167425,0.105470080384621
51,510,201802,1727.00078564419,197.68271239525,0.114465907623494
51,510,201900,1415.01551893166,136.347065886117,0.0963572936564393
51,510,202001,1863.99824618463,206.148197250906,0.110594630479329
51,510,202002,1907.99985080624,209.498205756489,0.109799906780896
51,600,300100,3687.54149320722,391.632346986113,0.106204187182038
51,600,300200,3872.79361014566,390.98508988132,0.100956861955423
51,600,300300,4731.13663771441,497.913321875547,0.105241797057057
51,600,300400,2728.99260342011,305.782250920122,0.112049497875846
51,600,300500,2844.89388285143,332.111263156825,0.116739420460896
51,610,500100,2476.29646693377,227.633184734791,0.0919248513957836
51,610,500200,4245.81302705729,440.314169972166,0.103705501670982
51,610,500300,3008.00316598958,296.030987637953,0.0984144534770009
51,683,910100,2882.00652018471,362.544129897907,0.125795735491491
51,683,910201,3474.00547704232,378.055523318702,0.108824101118162
51,683,910202,5600.99080341884,527.034903736833,0.0940967272103235
51,683,910301,3769.99708619309,475.888619080706,0.126230500501859
51,683,910302,4511.99174724353,448.682279444746,0.0994421764443288
51,683,910401,4791.99006938638,398.957413341155,0.0832550584547104
51,683,910402,4126.98812321896,444.712161467613,0.107757073243222
51,685,920100,5023.00282102107,499.197601840874,0.0993823056900847
51,685,920200,6039.97445942226,613.189741700163,0.101521909706687
